ID,text,annotator
1,"Prices are rising while the centres are falling more and more. :( Many of the tools are really worn out and some are completely destroyed. The standard of the centres also varies a lot, which is sad when you live close to a center which is not prioritised so much, but still pays the same...",Christian
4,"Has trained for many years here and Bornholmsvej, has just come from the Factory and good staff but has always been to you here as machines are the coolest and straight to, and everything is as I left it ‚Ä¢20 figures ‚Ä¢",all
5,"Excellent center with good connection between price and experience. Value for money. It's ok and the staff is nice. The staff often cleans. You can buy many kinds of protein bars, drinks etc in the machines. There are an ok number of machines, weights etc. The mood in the center is good.",Christian
8,"I trained 4-6 times a week for several years, as there is always a center nearby - super easy - so there is no excuse not to squeeze a quick workout into a busy everyday life, and still stick to a healthy and active lifestyle.Generally a friendly staff, wide selection of machines, as well as fun and efficient teams ",all
12,"We train in PureGym at Christianshavn. It is a nice centre with a high ceiling - many opportunities for versatile training and you feel comfortable among the other guests in the center. There is almost always room to train - there is clean and nice and there is a friendly staff. However, there is very little area in the center for extension and self-training.",all
13,"New dumbbells are nice. The center always has a good tone and a welcoming staff. The bathroom and men's changing can easily withstand a refreshment. Currently, the men's bath has been rebuilt - though I find it highly questionable that there is no progress in the renovation at all!! The bath has been closed since the 20th and there is just scratched in a hole in the floor.",all
15,"Great to get going! Sometimes it can be difficult with the motivation, but then it's good to have a training taster who can keep you going.",all
16,Got the worst treatment in Hobro after center manager has changed in my membership. My card didn't work that goes 14 days but fatigue text from center manager and staff before the card works again..the center is dirty and several machines are broken. Can't recommend the Hobro center. But Gug is super fine.,all
19,"It is a good place to train, here comes people of all age groups - the service is top and the same goes for machines, weights etc. and fine cleaning has been done.",all
20,"floors in the men's bathrooms are smooth so you have to walk very carefully, so some of the machines intrude when they break up all the time",all
25,Good facilities and in general a good place to train,all
28,Good Teacher,all
29,Clean rooms and very friendly/ helpful staff!,all
37,The best machines in the city and the sweetest staff,all
38,Very fond of team training. Gets the whole body trained. Good instructors and good atmosphere. Space for everyone.,all
45,Training centre with many machines and many options.,all
46,Cozy safe place as well as mega cute smiling staff,Christian
49,"Not the best place to train, too many in a gym.",all
51,"Nice clean, sweet staff and good atmosphere",all
54,"I've been trying to work out in PureGym Vejlevej, Fredericia. My card has been jammed due to a situation that happened 3 days ago. I could understand on the manager who was working today (26/10/23 at 13.30) that the head office has decided to banish me for 2 years for threats which is the lie. Furthermore, the manager said that there is no sound on the surveillance but that I have threatened one of the members The right version is that I was pushed and threatened by a member who is clearly on steroids in PureGym. He was pushing me away and threatened me violently. The police came and questioned us both. The police closed the case (for 3 days ago 23/10/23 and did not want to look at the monitoring and assessed that he was not allowed to use both machines at the same time. But according to this manager's the head office will want to make a decision anyway. The police closed the case (for 3 days ago 23/10/23 and would not look at the monitoring and decided that there was no push on the threat or like. But the video. But, according to this case, the manager's got to the head manager's guy's guy's guy wants to run a guy's guy's quite want to make a decision anyway quite a decision. I made a decision. I made a decision. I made a decision. I have made a decision on the case.",all
59,"Excellent gym with practically what to use. Totally worn down center however, and equipped also worn with shortcomings. There is room for improvement.",Christian
64,"Go mood, friendly staff, and cleaning tiptop",all
70,"Once again, PureGym proves to me how little their members mean. I meet in this morning to train. There are two women in the bike room who have really loud music, I go in and nicely ask if they won't turn down, where one of them breaks out that it's only for an hour and that they should be allowed to be here, I explain that the same thing applies to me and she just keeps repeating itself, so I just go out again. Later I get an email with a warning because of my inappropriate advice and then find out that one of the two women was a director. I don't get the opportunity to defend myself and tell my side and try to send a complaint to the member service, but also gets rejected and get a short answer to keep the warning. It's pure principle for me and it's so unfair, I've been a member for 10 years + and always behaved properly. To be treated like this after all ",all
71,Cosy center and talented instructors.Bike instructors are always well prepared.,all
72,"It's a nice place to comeüôÇ, and there's the training equipment you need",all
75,"One of the best centres I've visited, it's big, tidy, clean, and there's the tools that need to be.",all
77,Always high standard with cleaning and staff with accommodating,all
78,Good reception at reception and easy to get started again,all
81,Super atmosphere,all
87,The center usually works well but within the last 3 weeks there have been errors on several machines - including leg pressure,all
96,"Although atmosphere, helpful and turning staff. Many team options and nice atmosphere and indoor climate",all
97,Nice to come Puregym always smile staff and helpful,all
98,"I am generally happy with SATS, especially after having better opening hours. Sweet employees and usually good atmosphere on the ""floor."" However, there are some things that could be improved, including faster repair times of defective machines. 2-3 weeks is not all right, but unfortunately often a reality. Besides, you rarely see receptionists more, as these have apparently been given other tasks such as cleaning and cleaning up. I have also seen people go straight into my regular centre several times, without checking in, so unfortunately I also suspect cheating due to the often lack of reception staff. On the wish list is a SATS center in Hiller√∏d:-) Otherwise I am perfectly satisfied with the 2 centres (BLOX and ABC) which I use primarily",all
110,"It seems that SATS only focuses on the large centres, for example in inner Copenhagen. I train among others in Vallensb√¶k. I have trained on the team with functional training for more than 5 years - the director is great. Now the team is closed with the reason that there are not enough participants on the team. No, there are no waiting lists on the team, debt offers quality and social cohesion. That's exactly what the smaller centres can offer, but it's obviously not a factor in SATS unfortunately.",all
112,"I work out in SATS in N√¶rum and after Thomas has started I've been working out there for 6 years, where the managers have changed out several times. BUT now it's under control. Thomas is present and attentive, the staff is the same and you always get a fresh remark when you come to the training.Here is clean and neat and manage everything. A super feel every time I work out and it's at least 5 times a week ‚Ä¢MvhMona ‚Ä¢",all
114,"Really delicious machines, good teams, cute employees, value for money, but there could be a need for some extra cleaning in the lady dress in general. Perhaps this is because most men are employed, which therefore does not access the dressing room just as much? But overall it is Nice",all
116,"Class customer service, which helps with unattractive errors on your own.",Christian
121,"Arriving on SATS Glostrup. Now 1/3 of the spinning bikes have not been operational for six months, and the rest have not been maintained. If it wasn't for the instructors then I would have stopped my membership.",all
125,Super good training as always with Anneli She's the best,Christian
129,"(The review is written after 8 visits to the center over period of two months. In addition, I have a roommate who uses the center considerably more often, who has the same experience) There is a lack of general management of the center, otherwise it wouldn't be so bad... There is a lack of consistent hand alcohol in half of dispensations. - All toilets are grossly disgusting. It looks like no toilets are checked more than 2-3 times a day, which is absurd when you think of the amount of people who use the center daily. Staff should go a round every hour in peak hours, but move rarely from the counter, even when there are more at work. In addition, the toilets smell like a lack of basic cleaning (other than emptying the trash can and cleaning mirror) - no water vending machines, which means that you are forced into disgusting toilets to fill your small water bottle. - Several cabinets in the men's dressing room do not work, which means that it can be difficult to find a closet in any way.",all
132,"SATS Glostrup's sauna is always broken, 2-3 times a month it's broken. The cold shower hasn't worked for 2 months either. Find another center!!",all
134,"SATS Glostrup's sauna is always broken, 2-3 times a month it is broken. The cold shower hasn't worked for 2 months either. Find another center where these things might work otherwise find another provider of fitness.",all
139,"Keeping an eye on your bills - SATS likes to add extra payments without informing you about it.Your systems are in such a poor condition that they remove campaign benefits. In my case, it gave an extra bill on a month's subscription. Furthermore, they provide in the centers a wrong guide when it comes to setting up payment methods. If you sign up after 14th of the month, you must add payment methods to the center so that they can use the chosen method for the coming month. I was told in the center that I should just have done it before the next 14.Your payment department by phone is fairly cold and indifferent to their centers providing incorrect information upon registration. As well as that their systems impose extra payment without it being written anywhere.All in all this is not a business that I personally would trust. They cheat their customers and disbelieve all responsibility.",all
140,Have of 2 laps experienced that they withdraw money even though I have put my subscriber on hold,all
141,I'm impressed by our bike instructor Per Bille he is superbly skilled and can draw full house.Pump.Dangerous to let a not finished pump instructor teach. It happens on Mondays where non-trained instructor teaches.I get worried.negative due to cleaning and bathing conditions. Unfortunately.,all
142,"I enjoy being on Pernille's yoga team, just as I enjoy training alone.",all
149,"Sats westernport Absurd bad service is the first...Absurd Bad service is the first theorem that I choose to start this review withThe evening to Wednesday I'll be met someone who doesn't say hello orler have a good day, she's busy talking to her colleague. seems so bad style and not least incredibly bad service.",all
151,Because of illness I didn't need my membership and was recommended to suspend it for 45kr a month. After 1 month I would then cancel completely and then get to know that I can only by paying a full month regardless I can't make use of it. I have then paid for 2 months plus a month in suspension and I haven't been to the center once!!-----updated 24-8. Sats has after the above contacted me and we have found a solution that satisfies us.,all
155,Be onest a least,all
158,"It looks worn out. Again machines that are out of service (3 pieces), machines that are rusted and machines that are removed",all
159,There's still a lot of treadmills out of service...... get 'em done or get 'em out of the way...,all
169,"Generally speaking, SATS Valby is a good place to train. They could invest in a little more weightlifting equipment, but it's a small thing. However, they have massive problems with people who don't clean up after themselves. The place is often one big mess where I have to clean up other people's mess before I can get started with my own training.",all
172,"They closed the steam bath, had bigger construction and still raised the price. And after all, I have to pay an extra month just to quit. Terrible business, unhelpful customer service.",all
173,It is delicious and clean in SATS Birker√∏d. They have a very good selection of machines,all
177,Training is good enough! But clearly bad that there is almost no team is more!! TRX away from the Fish Square really bad it was a super team!!! You have to jump around between places it is straining,all
183,I have been on teams in Abc and Falkoner since 2004. Can very highly recommend!!!,all
187,Solid training with Jacob.We gave it gasCan be recommended,all
188,"Incoming personnel, clean rooms and machines, no mess.",all
189,Again Karen in Herlev is the best and sweetest instructor ‚Ä¢,all
190,"I paid for my membership three days ago and still haven't received a confirmation of registration or activated my membership. This hasn't happened, despite the fact that I was assured that it would be done today when I called in at 08:30.It's already impeccable that you have to wait from payment to the creation of membership, but it gives an even worse experience when you are given a prospect that doesn't happen.",all
191,"Nice selection for machinery equipment etc. however, unfortunately too hot, summer as winter. Also poor cleaning by machinery and equipment.",all
194,"I am pleased with the positive development of team plan in Vallensb√¶k center. We have got one of the best instructors/hours within Pilates (Zsusanna) and Stram op (Janni). In addition, I am pleased with an energetic Body Jam (Annetta).",all
196,There could be 1-3 rowing machines underneath. +2-3 hand bike trainers in SATS Valby.,all
197,There is a good atmosphere and the teams I go on are super intensive. I feel comfortable when I've trainedR√∏dovre - absolution and bodypump with Grethe Ziegler,all
198,"The indoor climate in SATS valby is so poor that it is tragic.The problem has supposedly been going on for many years.I am incomprehensible that you are content with this obvious problem when you have the country's most expensive subscription prices.The unhealthy indoor climate creates discomfort and great discomfort for the training course, and it can be felt very much by all visitors.Get control of your ventilation system! It is the least you have to offer your members. An indoor climate with heavy, humid air can bother the airways, and it is under all criticism that a fitness centre completely neglects this.",all
199,"Now this center at Frederiksberg Everyone soon had a sauna theme throughout the center for a month, now get the ventilation system done.",all
204,"Terrible course with the rate, Sats sends mine to the debt collection even though I have given both my account and short information. Shame you.If I could give 0, then I would have done it.",all
208,Love this gym! Best instructors and facilities. Only FW gym on Funen that has Crossfit classes. Very good and big crossfit area as well,all
211,"Good equipment , not a busy location so it‚Äôs great. Staff friendly üòä",all
214,"Friendly staff, good instructors and nice bathing conditions",all
216,"Ventilation in the summer is terrible, otherwise decent place",all
219,"Clean, nicely structured, good and well maintained equipment! 2 thumbs up.",all
220,It made me sweat.,Christian
221,"Nice size fitness world, every thing a amateur could need, and even a lot of pros would consider the place to be well stocked with equipment.",Christian
226,"Good gym with a very varied set of available equipment. Prices are cheap and it is open 24/7 with card access. Combined with good cleanliness and friendly staff, it's a good place to get in the daily workout.

Note that unlike most other gyms in the area, this particular Fitness World allows a cheaper membership that is ONLY valid for this one location. If you don't want access to multiple locations, this can yield extra savings.",all
234,I broke my back,all
240,Gloves for boxing are very bad,all
249,"Bondovej gym has been my regular and favorite gym for the last 2 years. Primarily because, in my opinion, it is the best pure gym center in this part of OdenseüôÉ

equipment :
there is a lot of different equipment to choose from and it mainly consists of technogym plateloaded and machines as well as cable towers and there is a good mix of new and old, which appeals to me as I am a fan and often like the old equipment best. There is a sea of ‚Äã‚Äãgrips and handles for the back and the same for the tricep and bicep. The only thing missing is a good seated cable row ü§´

Atmosphere/premises:
The center itself is divided into 3 large rooms with lots of space and high ceilings, it gives a nice spacious feeling even when there are many people. The division is great and is set up in a very logical context. The people are super nice and nice and there is really a feeling here that there is room for everyone! ü•∞

Service:
The employees are just the nicest people and there is always time and energy for a hello or a little chat ü´†they are good at receiving rice and praise and listening to us users, so a huge pat on the back from here and keep having one of the best gyms in Odenseüòâ",all
251,"This gym offers all items, equipment and facilities that you would need. There are two big weightlifting areas (including barbells, dumbbells and machines), a big cardio area (treadmills, crosstrainer, stepper, cycles, ...), an area with the usual workout machines, a TRX area and in the one weightlifting area you have some open space to do your own workout (there are spinning ropes, medicine balls, kettleballs, asults, ringes, etc.). Moreover there are two course rooms (1 for spinning, 1 for everything else). They offer a decent amount of fitness classes (the only thing I am missing is Body Combat). And I really like the 'freestyle' courses like Crossfit and Functional, because they include different equipments and are usually with only a few people so the trainer can focus on you. Everything is very clean, including the shower facilities. There is also a sauna and a steam bath. The ladies changing room comes with big mirrors, hair dryers and hair straightener. It's usually not to crowded and in my opinion super cheap (99 DKK for students).",all
271,Relative okay gym. Matrix machines are not the best and the Nautilus were better before renovation. Dumbbells are not put in the correct location and it is always overcrowded. Not enough machines compared to the demand.,Christian
272,They changed the cost of a guest fee from 50kr to 69kr and the new Matrix equipment is so so so uncomfortable. Since PureGym took over this place it is easily the worst gym in √òsterbro!,Christian
274,"Nice location, but very small center compared to how many people train there. You have to be lucky sometimes to get a treadmill. It has been a chronic problem since I started there last summer that many treadmills do not work, and unfortunately it is only getting worse. Has a good area in the basement for stretching",Christian
275,"Top gym ! Top √©quipement, ideal for foreigners as it is possible to get daily / weekly pass.",Christian
308,"Great place and great staff, also Victor was very helpful ans answered all my questions very nice",Christian
309,"After renovation they made an ""open office"" environment in the changing room. Bizarre. And still no soap or shampoo in the shower.",Christian
310,"Excellent gym. Many locations, good value for money, friendly staff, well equiped and huge variety of classes.",Christian
311,"As someone who have been in all FW's in Copenhagen, this place is by far the most horrid. Rude staff who seems like they hate their life. They lack a total grasp on how to give service (Talking ESPECIALLY the female ones). There is also ZERO atmosphere and place is very dirty and STINKS  utterly on each of its three (Small) floors . Just find another place than this, because this place is so outrageously bad it drains you from all motivation. Not exaggerating.",Christian
312,Good gym!,Christian
313,"Okay, it would however be really nice to have an indicator somewhere of how crowded it is. Also sometimes they play the music really loud (so loud that with headphones with noise cancelling even at the highest volume I can still hear it). Not even mentioning the music taste üò∂.",Christian
315,"The fitness center has been improved in the last months. Still no classes though. Otherwise, it has all the needed facilities for full body training. Third floor is the best one! Free weights! :)",Christian
318,"Not large, but never really crowded. The most spotless fitness club I've been to.... They are constantly cleaning and members take care of the equipment also.",Christian
319,"Good place, fun courses. However, some of the info is hard to access, as most of it is in Danish only. Sometimes courses get cancelled, and I do not receive a message about it, although I have signed up.",Christian
320,"Good fitness center with weekly memberships, perfect as a tourist. Many Courses and access to every center they have (and they have many in Copenhagen).",Christian
321,"I think it's a great gym in regards to value price. Unfortunately there is no many branches. The gym is quite well equipped even with small basketball court, punch bag and paper towels. The whole gym has the urban vibe. I think it's good alternative to the well known ones in Denmark. The air ventilation does not seem to work properly, though.",Christian
322,"One star just for the nice location. The service ended his shift 10mins early and completely ignored me and another costumer waiting on the counter. The machines are mostly so old, they must be from the 90s. Not recommendable.",Christian
324,Quite small. The free workout area is quite large,Christian
325,"Great gym for the price and accessibility. Very well cleaned and maintained with all the equipment you would ever need. Large free training area, kettlebells, plenty of barbells and plates.",Christian
327,Great gym. 7 day free pass was available for traveling,Christian
329,Best FW center I have been too. Really clean and functional. The equipment is new and everything is in one floor. The only cons are the lack of hold classes.,Christian
330,Great place quiet a lot of space and all equipments are present.,Christian
331,Please fix the gymnastic rings üôèüôè Otherwise decent gym.,Christian
332,Weeks like this.,Christian
334,"Service has improved for the last 6 months, better management. However the audience that comes there is poor,  people are aggressive, taken several machines at once,  or sitting on one machine for ages prohibiting others from training, noisy, have no respect to others, often screaming . Needs some education on general public as many have no intelligence how to behave",Christian
336,"Fitness world interesting sports club  there is a variety of sports equipment, the staff are nice, you have to avoid peak hours because there is a queue for training, the problem that I found  there aren't all the information about roles of subscription, for example when you want to take a vacation you can freeze the month, or also if you want to unsubscribe this month you have to pay another month and it was the surprise for my case and all this information is not clear at the beginning. in my opinion it better that they give notes about all the ruls and the options with 2 languages Danish and English for be Easy for all people or put it on the wall in the reception",Christian
338,"Terrible customer service! I once been there as a guest to a class under a friend‚Äôs membership (+1 guest). I have never had a membership there and has never signed up for one, yet I have been receiving emails to pay 4 months with interest for late payment?! - and then they started sending me new emails on my e-Boks. Since when I have given you a consent to do so?? Every time I stop by the gym to raise this, there‚Äôs no one to ask. and there is no number associated with the gym to call!",Christian
341,Some of their machines are old and in need of maintenance. Their treadmills are in really bad state but as you can see on the picture a technician is on the way. Months and months has passed and no sign of this technician. If you tell the staff in the center or contact then on email they will say that the they have escalated this issue but the fact is the management don‚Äôt care. It will soon be a year with no repairs being made‚Ä¶,Christian
343,Not the best I have been at but need some more times at the Gym before evaluating,Christian
344,Good,Christian
345,Few peopleÔºåjust do yourself and feel cozy‚Ä¶‚Ä¶,Christian
346,"newly renovated gym, with new and fresh equipment. the place is packed on evening, and perhaps because this is the best gym for the monthly fee in the area. Highly recommend",Christian
347,"A decent gym. Huge, many machines of the same type, good condition.",Christian
348,One of the largest gyms I have ever seen with all the machines you can imagine and the staff are really nice and helpful. Never had a problem with cleanliness! Wide variety of classes are available.,Christian
349,You managed to destroy what was a decent gym with a lot of equipment. It got transformed into a walking area with machines for old people and empty space. Embarrassing!,Christian
350,Still no soap in the shower. And the pins for hanging up the towels are almost all broken.,Christian
352,"Well it's there, pretty messy and the equipment has seen better days",Christian
353,"Best every, the location is perfect.",Christian
354,Great,Christian
355,"Okay gym, but lacking in many areas. Puregym on n√∏rre voldgade fredericia has a lack of old and defective machines, a lack of cleaning and hand soap and the machine for all in is never filled. It is not acceptable with the 399 it costs for my type of abb",Christian
365,"Small, but well equipped fitness center.

SATS have a bunch of different spots in Copenhagen and if you don't like the size, there are always others.

Personally, I feel like this is one of the better, if you just want to get in and do a workout and get out. You'll rarely wait for a spot anywhere.

They have everything you need including 6 squat racks / power cages and a bunch of free weight stuff, cardio machines. The only thing lacking is team workout.

The changing rooms are good and spacious.

It does get extremely hot in the summer here, which is why I didn't give it 5 stars.",Christian
370,"They raise membership prices without any warning, they closes the sauna without any explanations or due date, it takes them weeks to fix broken machines, and the changing room are usually disgusting at all times. No need to mention it is overly expensive, and that they don‚Äôt offer membership options (the only one being Mon-Fri until 3pm VS anytime, for 40kr difference). Furthermore, they brand it as Spa when there is only one small sauna which just reopened after several weeks, and is now missing features such as time and sensor. Unacceptable.",all
375,"Recently upgraded with new machines on top floor & Additional weights.
Kept decently clean, usually not too busy, sauna, large stretch/mobility area. Great staff.

The downstairs is where it's at. Racks on racks on racks all with full platforms. + A grass area for sleds and more.",all
382,"Unfortunately the gym is quite filthy all around. You cannot go and stretch on the mats without seeing the whole floor and the mat covered with little flakes (skin, dandruff...) and the smell of sweat. The dressing rooms are not any better. Generally, there should be cleaning happening at least 2-3 times a day. Now I already spoke with the employees and they said that they are doing it themselves and they only do it in the morning. That is a shame that the floor workers are taking care of the cleaning when there should be professionals doing it. This is not good enough. Additionally, the gym equipment and dumbbells are left lying around after use, so you cannot tell whether people are still using them. Not worth the money.",all
384,"The workers from the reception they don't even move... the service its so so bad... They don't have any qualification, the guy who gave me the subscription he didn't know how much I would payed and he lied to me.. he told me one month free, and I didn't get any month for free.. its was scam. Horrible service.",all
387,"For the money you pay the quality of the gym is very low.
- very dirty, everything is sticky
- for some reasons there are like hundreds of cardio machines and limited of lifting machines
- machines placed in a completely random order
- lack of weight plates and no order for these either
- showers slippery one needs to have Spider-Man abilities to walk there
- showers and sauna very dirty
- ok friendly staff",all
390,"+ Big, nice view from some parts
+ Two nice saunas

- Small locker room, pretty dark. The lockers are tricky sometimes
- Crowded. No space because they have put equipment and machines in every corner of this gym?",all
391,"Small but cozy gym. Always very clean, well maintained and in order. The space is very open, doesn't feel suffocating. The equipment feels new. The atmosphere is great ‚Äî people are respectful and welcoming and the employees are warm and friendly. It's not the biggest gym but has everything you need for weightlifting!",all
393,"Medium size gym with aerobics classes. Instructors and staff are professional and friendly. Amazing view over the water from 1. floor. Parking can at times be challenging and a bit hazardous, as the beach road is quite narrow with a lot of traffic, so be careful when exiting or entering car!",all
397,"The legend has it that the Sauna used to function once‚Ä¶ it‚Äôs been out of order for months now. Escalators always out of order... 4 soap dispenser in men‚Äôs shower, always empty. So far worst Sats I‚Äôve been to.",all
398,"While it is spacious and with the ability to brag about a wide variety of equipment, the standard of several machines, is low. Many of the treadmills are particularly noisy (moreso than one would normally expect) due to lack of maintenance, same with the exercise bikes. Lack of maintenance is one of the major characteristics of this center. Things are more than often quite worn, or parts might be missing from certain equipment.

While the staff is friendly, they don't, in my experience, care much about upholding the rules of the center. At this point, after 1,5 years of attending this SATS, it seems the the patrons can behave however they wish. People lob around their backpacks and dufflebags in the training area, they go barefoot and may talk on the phone loudly (normally I'd be completely fine, but the noise level is consistently high, even if I wear headphones blasting loud music). Along with this, hardly anyone puts the weight plates back where they belong and even fewer wipe down the machines/equipment after use (The older crowd is good at cleaning up after themselves though, kudos)
The mens changing room is usually not that pleasant an experience, the patrons like to cough and blow out their snot and phlegm  into the only sink in the dressing room, providing the rest of the patrons with even more unsanitary conditions. Sometimes it smells like someone is cooking in there. I'm yet to find the source of it, but it's an odd smell for a changing room.

All in all, the center could, by providing the patrons with proper, sanitary and pleasant exercise conditions, flourish much more than it is now. I believe it would take a good effort from the again, friendly staff, by making sure that rules are followed by the patrons.",all
406,"Messy, unorganized and strange gym culture. Very urban.",all
409,Mohamad was a great help and went above and beyond. The customer service is top notch and I would recommend Sats to everyone!,all
412,"I don‚Äôt usually write reviews but this is by far the worst gym I have tried in my life. Equipments are old, staff is not friendly/welcoming, minimal classes outside work hours (who‚Äôs going to them?!?), no warning that cycling classes need your own shoes (what a waste of time turning up) and I was told there will be English classes (no one spoke English). Save yourself the hassle and join another gym or are all gyms this terrible in cph?",all
416,"The star is only for friendly staff.
The gym itself is a mess, and looks like no one is keeping it clean.
Sauna not working. Showers are under renovation but they didn‚Äôt install emergency showers either. Not even to mention the changing area ü§¢ with old fashioned method of lockers.",all
423,"I have been coming here on and off for 5 years. And it gets worse every time I return!
The hygiene in the bath and sauna is under all criticism! Toilet paper, bottles and water on the floor! This is not an isolated case! There needs to be a stronger member policy in the house and more cleaning

Training facilities etc are good",all
424,"A nice training centre, with good opportunities for self-training with - or without the use of machines and for booking on different teams, if you want. There is a good atmosphere when you walk in the door, and it is my clear impression that the employees do their best to ensure that Sats - R√∏dovre continues to be a nice place to visit.",Christian
425,"Best place to train in kbh, free parking, and really nice helpful staff",all
430,"Partly reasonable gym in the morning and afternoon, but after that it goes downhill. The evening is terrible: shouting groups of young boys who mostly use Sats as a youth club. But the worst part is that it is filthy in the evening - especially the toilets and bathrooms. There is a lot of snuff and wool from socks in the bathroom that needs to be cleaned - and no one mops the floor (neither staff nor users). The sauna and steam bath (closed) are clammy after a whole day of sweat. People use their own rules regarding the sauna, e.g. having an unofficial party with music in the sauna, so that others cannot enter without stinking of peppermint. The training area is also pretty minimal, e.g. no Precor machines or the like. Ventilation is almost always switched off (certainly to save electricity), which means that the air is heavy in changing rooms - especially in bathrooms, water drives down the walls and windows. The air is generally bad in the training area - and in addition there is often a smell of cigarette smoke and car exhaust, which comes down from the parking garage due to drafts (the glass doors are typically completely open). There is also a lot missing compared to previously under Fitnessdk, for example. free coffee. The quality is just decreasing and the clientele is going in the wrong direction: more suspicious types in the evening (and it's not the ones from Gentofte).

Bad gym!!!",all
434,"After having been a member of Fitness World for 10 years, I chose to switch to rate and keep then a difference. Better machines, more dumbbells, and much more welcoming staff. It is clearly the best decision I made when I chose to switch to rate.",all
435,"It has now been difficult to find a cabinet that works for a long time. Today I drove home after trying 15 different lockers where the lock didn't work.
Are also tired of their own Corona rules not being followed.
So now I'm changing center.
Otherwise, I was happy to come there, so I hope they will soon get the various things under control so that I can come back.",all
439,fantastic service. nice equipment.,all
440,"Super delicious place with all imaginable training tools from turf, weights and general cardio to cross-country skiing. Lots of air and light and nice changing rooms. There is free parking.
Remember that you must use the padlock here and not the membership card for the lockers",all
451,"I‚Äôve lived in San Francisco, Japan, Spain and now Copenhagen for a little bit, but this is by far the best gym I have ever been too for the cost. At this location, they have a live DJ from 4 to 8 PM on Monday evenings, and at the other location they have a live DJ at the same time on Tuesday evenings. It‚Äôs quite amazing for the price! It‚Äôs a nice thing to have as well to spice up the workout.

Plus, they have friendly staff, plenty of lockers to put away your stuff, a Zen room to do your own AI powered workout, and so many machines! Also, they have drinks and protein ice cream bars you can purchase.",all
490,"If you like to get Energy into your bloodstream, that‚Äôs the place to go. ‚òÄÔ∏è
The personnel is also very nice and helpful üëç",all
491,Good place with proper equipment but horrible ventilation üòÖ not good for summer üòÖ but you can get to see nice views,Christian
492,"It's okay, has its variety but could use 1-2 more machines",Christian
493,"Big with most facilities, but almost always very crowded.",Christian
494,Amazing place !!!,Christian
495,"Don't spend time or effort giving them constructive criticism even if they ask for clarification on the bad review of the center in their app because they are not willing to improve anything even though they claim they will do everything to improve. They just want to use long emails to basically say ""That's just how it is""... Not one of them I would train in permanently as they are pretty bad machines compared to other centers... There are others in Aalborg that are far better..",Christian
496,"Best gym in Aalborg city center!!! I have been training in this gym 5 times per week since 2015. Compare to other fitness world gym in Aalborg city center, this one is THE BEST. Always clean everywhere - machines, bathrooms, and even the training mat! Offers a lot of equipments, and many different training classes you can choose.",Christian
497,Ever since it became Pure gym they removed all the hand sanitizer. Disgusting place,Christian
498,"Nice place, but can be quite crowded at times leading to extended waiting for the machine that you wish to use. The equipment itself is all good though.",Christian
500,"Amazing gym, and most lovely staff ever!",Christian
501,"Have been coming here for 4-5 years. All around good gym, isn‚Äôt ever too packed, has a good amount of specifically the machines/equipment that is in high demand such as squat racks, benches, pulldown machines etc. but no fancy stuff, only ‚Äúessential‚Äù standard equipment. Prices are also good for beginners but I think a little high if you‚Äôve been training here for a while and there are no beginner benefits left.",Christian
502,Don‚Äôt like it at all. People who work there is never there.,Christian
503,"Been a memeber for 6 years. Great gym with a large space, not fully packed with all sorts of machines, but there are still enough machines. Really love it. The music is quiet too, though it could be a bit lowered on Sundays. Still, a great palce, love coming here :)",Christian
506,Great for the daily grind this or another fitness world workes wonders,Christian
507,Everything I need !!! Thx,Christian
508,"Overall good center with proportionally good amount of machines compared to popularity. However, there is no hip thrust bench and only high benches, which means I have to go to another center for that exercise. dB is somewhat heavier than the other centers and the jumps between each weight are incredibly large at 2-3 kg. per steps. Bathing facilities could be better located. Nice and clean center which appears clearly. Lots of water points.",Christian
509,Good facilities and good energy from the movers.,Christian
510,always clean and attractive premises,Christian
511,This is one of the best centrres of Fitness world in Aalborg on the basis of the size and equipments,Christian
512,"This is from PureGym on Gugvej and Friis in Aalborg. They are some good and spacious centers with a lot of machines, so you don't feel like you are stalling during your training. On Gugvej there is good parking! Nice places.ü§ó",Christian
514,"The training and the facilities are ok, but the last two times I've been there there has been a lack of toilet paper and/or paper towels in the men's changing room. The cleaning has not been ok either.",Christian
515,Can't find a better place,Christian
516,"A good, big center, with almost everything you could need.",Christian
517,Good service. Versatile options for training. Good mood. Room for everyone.,Christian
518,"Super good service, but I think there are too few bench press racks and too few toilets, this may well cause a lot of waiting time, there could also be more water dispensers around, with this the prices also start to become too high, otherwise a fine training place.",Christian
519,Too little space when it is busy and not enough machines. But otherwise I think there is a nice variety and the machines are in good condition,Christian
520,"Bad parking conditions. Had to stop at Lidl and when I got to the center the door was locked - Normally it's not a problem, but this center apparently requires a special chip in the card that can only be obtained during opening hours. This was not stated on the website!",Christian
522,I really like training here. Everything is clean and in good conditions. The equipment is great; there are many options. The staff is very friendly and always makes you feel comfortable.,Christian
523,"Small and exclusive gym, One of the thing that pissed me most about it was that I wanted to use just the gym, which in all other gym from the Fitness world franchise cost 150 DKK, however this is not permitted and they require you to make a full membership for their gym and classes, even if you dont want to visit any of them, which is 250 DKK. As i said exclusive.",Christian
524,"Good center for training, one of the original centers in Aalborg.",Christian
525,"This is the best fitnes. First it's close to me, second it is very big.",Christian
527,Very fine place,Christian
528,It's good with less variety of equipments.,Christian
529,They are trying to kill you! I guess that is the point..? :),Christian
530,A really spacious and organized gym,Christian
531,Very nice gym‚Ä¶. Clean and well equipped‚Ä¶,Christian
532,You can find several training equipment for chest and shoulders in the first floor,Christian
533,A decent place to workout üëåüèº,Christian
534,24 hour open,Christian
535,Nice placeüòâ,Christian
536,"The balance at the gym have been broken for months, I have been waiting to weight myself and see how fat I am atm for too long",Christian
537,"Has everything there needs to be at a gym but there is a bit crowded sometimes so you might have to wait in line for some things, but it's rare. Overall great gym",Christian
538,One of my go-to fitness world centres in Aarhus. Lots of options and lots of space.,Christian
539,Predatory payment practices,Christian
540,"The equipment is so worn out, the cable machines squeak and bind and there is only one lat pulldown machine. The hipthrust machine is far too tall and cannot be adjusted for women. In general, a super worn out gym and it doesn't help to paint the walls...",Christian
541,"Amazing gym with two floors, therefore enough space for everyone. Highly recommended for trainings in the heart of Aarhus.",Christian
543,Excellent gym that's just recently been revamped. Has everything including full machine setups and free weights. Spacious and has a nice dressing room and sauna. Conveniently located right in the middle of town.,Christian
544,One of the best Fitness Worlds I have been in. It has a good selection of all the gear you need. Not too crowded in the morning and a major plus is that there is a sauna and a steam bath.,Christian
545,Among all the centers in Aarhus. This particular center has the sauna facility. New and well designed. Can be too much crowded after 15:00 until 20:00,Christian
547,They say biggest gym in scandinavia. This place is really cool! People are lovely. Can bit crowded in aftetnoons,Christian
548,Amazing cardio classes with great atmosphere!,Christian
549,"Quantity over quality, very over rated, expensive. Poor cleaning and poorly organized both from the customers and the employees. Dumbbells lying everywhere, weight bars every where on the floor, racks missing dumbbells for days is a normal thing. So many machines that are so close to each other it is impossible to move around without hitting something by accident. Not very friendly staff.",Christian
550,Fantastic place to stay fit!,Christian
551,well equiped and very kind staff ‚ò∫Ô∏è always smiling,Christian
585,"Not the biggest Fitness World, you can safely say, there aren't many parking spaces. So you have to stop at Bilka if you come in prime time, i.e. around 16 to 18:00.

The place is open until 00:00 on weekdays, so that everyone can get a workout in. There isn't bikefit and all that cycling like in the really big centres.",all
604,"Old and No ergonomic equipment for free weights.
Benches are broken and probably at least 30 years old. They cannot fold due to broken mechanisms.
Towers are old and half broken.

Seriously one of the worst equipped gyms I have seen.",all
607,Its nice Gym to work out its clean and well organize üòä,all
608,Its a nice and clean gymüí™. Bra personal. I love it,all
609,One the my  favourite place!!!,all
610,It's a great gym unfortunately they closed the sauna.,all
